{"cameraMode":{"drawMode":0,"name":"Shaded","section":"Shading Mode"},"sceneLighting":false,"audioPlay":false,"sceneViewState":{"m_AlwaysRefresh":false,"showFog":true,"showSkybox":true,"showFlares":true,"showImageEffects":true,"showParticleSystems":true,"showVisualEffectGraphs":true,"m_FxEnabled":true},"in2DMode":false,"pivot":{"x":4.418586254119873,"y":1.078258991241455,"z":-12.96351146697998},"rotation":{"x":0.10566388815641403,"y":-0.08045971393585205,"z":0.008590362034738064,"w":0.9911264777183533},"size":1.2933839559555054,"orthographic":false}