{"cameraMode":{"drawMode":0,"name":"Shaded","section":"Shading Mode"},"sceneLighting":false,"audioPlay":false,"sceneViewState":{"m_AlwaysRefresh":false,"showFog":true,"showSkybox":true,"showFlares":true,"showImageEffects":true,"showParticleSystems":true,"showVisualEffectGraphs":true,"m_FxEnabled":true},"in2DMode":false,"pivot":{"x":3.5264651775360109,"y":1.715333104133606,"z":-13.309022903442383},"rotation":{"x":0.13538017868995667,"y":0.16416263580322267,"z":-0.022744223475456239,"w":0.9768533110618591},"size":1.5945018529891968,"orthographic":false}